{"Fid":"c52NWBNFSCi4AVJX3TP0qS","Status":3,"RefreshToken":"3_AS3qfwLqsMdga1k51OgJvD_egmcD5jBJxdQUI5FrWUS_dqcFUPN4EV0Eo1Wnt2t4AQTWrm31mjEmYUIXvoMVS-iMsanGYy-s5uAHZf-AzowF7lM","AuthToken":"eyJhbGciOiJFUzI1NiIsInR5cCI6IkpXVCJ9.eyJhcHBJZCI6IjE6MzY3MjY5MDA4OTg2OmFuZHJvaWQ6NzliMWNhNTQ5NTQxMTEyNCIsImV4cCI6MTc1NTY1OTU5OSwiZmlkIjoiYzUyTldCTkZTQ2k0QVZKWDNUUDBxUyIsInByb2plY3ROdW1iZXIiOjM2NzI2OTAwODk4Nn0.AB2LPV8wRQIgVolOVep925nKJ6NDnAWfDikktt3voziFEfSKYkvx-dACIQDSob_W8VAVFXBle5Sg0lA-1xrAp3lBHLRHnsgttYtgKA","TokenCreationEpochInSecs":1755054799,"ExpiresInSecs":604800}